{
  "lcutilmax": 4,
  "twemcache.default": {
    "tdp": {
      "util": 380,
      "mean": 2355.551426515259,
      "std": 83.15689040609924,
      "bar": 2072.9587120257506
    },
    "thresh": [
      {
        "util_start": 50,
        "util_end": 100,
        "cpi": 1.068339099364196,
        "mpki": 4.150711436643005,
        "mspki": 4.150711436643005,
        "mb": 100.26306309035958
      },
      {
        "util_start": 100,
        "util_end": 150,
        "cpi": 1.3268158811521972,
        "mpki": 2.711329965954612,
        "mspki": 4.150711436643005,
        "mb": 208.6051839660673
      },
      {
        "util_start": 300,
        "util_end": 400,
        "cpi": 2.053419104157376,
        "mpki": 1.4116717122887533,
        "mspki": 4.150711436643005,
        "mb": 400.93800930563811
      }
    ]
  },
  "redis.default": {
    "tdp": {
      "util": 380,
      "mean": 1896.6724375876086,
      "std": 34.865869240898625,
      "bar": 1792.0748298649128
    },
    "thresh": [
      {
        "util_start": 300,
        "util_end": 400,
        "cpi": 1.253419104157376,
        "mpki": 0.8116717122887533,
        "mspki": 4.150711436643005,
        "mb": 52.93800930563811
      }
    ]
  }
}
