time,cid,name,cpu_utilization
1557489520.2581754,,lcs,0
1557489531.2681723,,lcs,0
1557489531.4991605,,lcs,0
1557489541.5262065,,lcs,0
1557489541.7434254,,lcs,0
1557489551.8128352,,lcs,0
1557489552.0618613,,lcs,0
1557489562.0760658,,lcs,0
1557489562.3197055,,lcs,0
1557489572.3314872,,lcs,0
1557489572.577469,,lcs,0
1557489582.5878787,,lcs,0
1557489582.8628914,,lcs,0
